<?xml version="1.0" encoding="utf-8"?>
<!--
Plodey's audio pack
by xplodwild

runs through OmniROM's Audio Theme
-->

<!-- Mapping of UI sound effects to audio assets under /system/media/audio/ui.
     Modify this file to override default sound assets.
-->

<audio_assets version="1.0">
    <group name="touch_sounds">
        <asset id="FX_KEY_CLICK" file="Effect_Tick.ogg"/>
        <asset id="FX_FOCUS_NAVIGATION_UP" file="Effect_Tick.ogg"/>
        <asset id="FX_FOCUS_NAVIGATION_DOWN" file="Effect_Tick.ogg"/>
        <asset id="FX_FOCUS_NAVIGATION_LEFT" file="Effect_Tick.ogg"/>
        <asset id="FX_FOCUS_NAVIGATION_RIGHT" file="Effect_Tick.ogg"/>
        <asset id="FX_KEYPRESS_STANDARD" file="KeypressStandard.ogg"/>
        <asset id="FX_KEYPRESS_SPACEBAR" file="KeypressSpacebar.ogg"/>
        <asset id="FX_KEYPRESS_DELETE" file="KeypressDelete.ogg"/>
        <asset id="FX_KEYPRESS_RETURN" file="KeypressReturn.ogg"/>
        <asset id="FX_KEYPRESS_INVALID" file="KeypressInvalid.ogg"/>
    </group>

    <!-- Omni Sound Theme System -->
    <group name="lock_sounds">
        <asset id="FX_LOCK" file="Lock.ogg"/>
        <asset id="FX_UNLOCK" file="Unlock.ogg"/>
    </group>

    <group name="camera_sounds">
        <asset id="CAMERA_SHUTTER" file="camera_click.ogg"/>
        <asset id="CAMERA_FOCUS" file="camera_focus.ogg"/>
        <asset id="VIDEO_REC_START" file="video_on.ogg"/>
        <asset id="VIDEO_REC_STOP" file="video_off.ogg"/>
    </group>
</audio_assets>
